{
  "Most competitive": {
    "category": "Most competitive",
    "n_institutions": 89,
    "sat_mean": 1473.6785714285713,
    "sat_median": 1489.5,
    "sat_25th": 1438.25,
    "sat_75th": 1521.5,
    "sat_n": 84,
    "act_mean": 32.84507042253521,
    "act_median": 33.0,
    "act_25th": 32.0,
    "act_75th": 34.0,
    "act_n": 71,
    "adm_mean": 0.20046516853932583,
    "adm_median": 0.1398,
    "adm_25th": 0.0873,
    "adm_75th": 0.2868,
    "adm_n": 89
  },
  "HC+": {
    "category": "HC+",
    "n_institutions": 37,
    "sat_mean": 1361.2857142857142,
    "sat_median": 1367.0,
    "sat_25th": 1323.0,
    "sat_75th": 1407.0,
    "sat_n": 35,
    "act_mean": 29.87878787878788,
    "act_median": 30.0,
    "act_25th": 28.0,
    "act_75th": 31.0,
    "act_n": 33,
    "adm_mean": 0.5041783783783783,
    "adm_median": 0.5082,
    "adm_25th": 0.3829,
    "adm_75th": 0.6303,
    "adm_n": 37
  },
  "HC": {
    "category": "HC",
    "n_institutions": 70,
    "sat_mean": 1313.157894736842,
    "sat_median": 1320.0,
    "sat_25th": 1269.0,
    "sat_75th": 1367.0,
    "sat_n": 57,
    "act_mean": 29.03921568627451,
    "act_median": 29.0,
    "act_25th": 28.0,
    "act_75th": 30.0,
    "act_n": 51,
    "adm_mean": 0.5567,
    "adm_median": 0.56655,
    "adm_25th": 0.4323,
    "adm_75th": 0.67395,
    "adm_n": 68
  },
  "VC+": {
    "category": "VC+",
    "n_institutions": 57,
    "sat_mean": 1265.0,
    "sat_median": 1280.0,
    "sat_25th": 1237.5,
    "sat_75th": 1303.5,
    "sat_n": 55,
    "act_mean": 27.11764705882353,
    "act_median": 27.0,
    "act_25th": 26.0,
    "act_75th": 28.5,
    "act_n": 51,
    "adm_mean": 0.7032818181818182,
    "adm_median": 0.7307,
    "adm_25th": 0.5943,
    "adm_75th": 0.8161499999999999,
    "adm_n": 55
  },
  "VC": {
    "category": "VC",
    "n_institutions": 218,
    "sat_mean": 1203.037037037037,
    "sat_median": 1208.0,
    "sat_25th": 1147.0,
    "sat_75th": 1254.0,
    "sat_n": 189,
    "act_mean": 25.424836601307188,
    "act_median": 25.0,
    "act_25th": 24.0,
    "act_75th": 27.0,
    "act_n": 153,
    "adm_mean": 0.7443289099526067,
    "adm_median": 0.7709,
    "adm_25th": 0.6567000000000001,
    "adm_75th": 0.8641,
    "adm_n": 211
  },
  "C+": {
    "category": "C+",
    "n_institutions": 71,
    "sat_mean": 1130.5535714285713,
    "sat_median": 1150.5,
    "sat_25th": 1077.5,
    "sat_75th": 1195.25,
    "sat_n": 56,
    "act_mean": 23.632653061224488,
    "act_median": 24.0,
    "act_25th": 23.0,
    "act_75th": 25.0,
    "act_n": 49,
    "adm_mean": 0.7848057971014492,
    "adm_median": 0.8326,
    "adm_25th": 0.6912,
    "adm_75th": 0.8963,
    "adm_n": 69
  },
  "C": {
    "category": "C",
    "n_institutions": 612,
    "sat_mean": 1105.5963302752293,
    "sat_median": 1105.5,
    "sat_25th": 1050.0,
    "sat_75th": 1156.0,
    "sat_n": 436,
    "act_mean": 22.530555555555555,
    "act_median": 22.0,
    "act_25th": 21.0,
    "act_75th": 24.0,
    "act_n": 360,
    "adm_mean": 0.7930855575868374,
    "adm_median": 0.8219,
    "adm_25th": 0.70975,
    "adm_75th": 0.9125000000000001,
    "adm_n": 547
  },
  "LC": {
    "category": "LC",
    "n_institutions": 181,
    "sat_mean": 1046.1702127659576,
    "sat_median": 1048.5,
    "sat_25th": 995.25,
    "sat_75th": 1090.0,
    "sat_n": 94,
    "act_mean": 20.86111111111111,
    "act_median": 21.0,
    "act_25th": 19.0,
    "act_75th": 23.0,
    "act_n": 72,
    "adm_mean": 0.7939371212121212,
    "adm_median": 0.81765,
    "adm_25th": 0.7127749999999999,
    "adm_75th": 0.9230750000000001,
    "adm_n": 132
  },
  "NC": {
    "category": "NC",
    "n_institutions": 70,
    "sat_mean": 1037.5714285714287,
    "sat_median": 1046.5,
    "sat_25th": 980.0,
    "sat_75th": 1082.0,
    "sat_n": 28,
    "act_mean": 21.31578947368421,
    "act_median": 21.0,
    "act_25th": 20.0,
    "act_75th": 23.0,
    "act_n": 19,
    "adm_mean": 0.740951724137931,
    "adm_median": 0.7091,
    "adm_25th": 0.61,
    "adm_75th": 0.875,
    "adm_n": 29
  },
  "Specialized programs": {
    "category": "Specialized programs",
    "n_institutions": 74,
    "sat_mean": 1220.764705882353,
    "sat_median": 1216.0,
    "sat_25th": 1156.0,
    "sat_75th": 1303.0,
    "sat_n": 17,
    "act_mean": 26.0,
    "act_median": 25.5,
    "act_25th": 23.0,
    "act_75th": 30.0,
    "act_n": 12,
    "adm_mean": 0.6300422222222223,
    "adm_median": 0.6854,
    "adm_25th": 0.4921,
    "adm_75th": 0.782,
    "adm_n": 45
  },
  "No category": {
    "category": "No category",
    "n_institutions": 31,
    "sat_mean": 1189.8823529411766,
    "sat_median": 1136.0,
    "sat_25th": 1110.0,
    "sat_75th": 1195.0,
    "sat_n": 17,
    "act_mean": 25.071428571428573,
    "act_median": 24.0,
    "act_25th": 22.25,
    "act_75th": 27.25,
    "act_n": 14,
    "adm_mean": 0.6491600000000001,
    "adm_median": 0.6972499999999999,
    "adm_25th": 0.5206000000000001,
    "adm_75th": 0.862125,
    "adm_n": 20
  }
}